,n,duration,p_progression_t,p_progression_c,p_death_t,p_death_c,p_censor_t,p_censor_c,p_death_given_progression_t,p_death_given_progression_c,p_death_given_censor_t,p_death_given_censor_c
1_progression_driven_low_translation,1000,20,0.0125,0.025,0.025,0.025,0.0,0.0,0.037500000000000006,0.037500000000000006,0.025,0.025
2_progression_driven_high_translation,1000,20,0.0125,0.025,0.025,0.025,0.0,0.0,0.1,0.1,0.025,0.025
3_post_progression_death_driven,1000,20,0.025,0.025,0.025,0.025,0.0,0.0,0.037500000000000006,0.1,0.025,0.025
4_pre_progression_death_driven,1000,20,0.025,0.025,0.0125,0.025,0.0,0.0,0.037500000000000006,0.037500000000000006,0.025,0.025
5_censoring_driven_treat_low,1000,20,0.018750000000000003,0.025,0.018750000000000003,0.025,0.05,0.025,0.037500000000000006,0.037500000000000006,0.037500000000000006,0.025
6_censoring_driven_treat_high,1000,20,0.018750000000000003,0.025,0.018750000000000003,0.025,0.05,0.025,0.037500000000000006,0.037500000000000006,0.07500000000000001,0.025
7_censoring_driven_control_high,1000,20,0.018750000000000003,0.025,0.018750000000000003,0.025,0.025,0.05,0.037500000000000006,0.037500000000000006,0.025,0.07500000000000001
